sneaker_name,avg_interest,max_interest,min_interest,trend_direction,volatility,current_interest,data_points
Yeezy Boost 350,0.9565217391304348,4,0,up,1.0261744113936675,2,92
Air Jordan 1,21.456521739130434,46,13,up,6.4932983939204005,29,92
Nike Dunk Low,13.98913043478261,35,8,up,5.013157556480397,18,92
New Balance 550,7.9021739130434785,21,4,up,2.623058288069233,10,92
Air Force 1,53.880434782608695,100,39,up,12.214963253379613,71,92
